{"intercept": 0.04652925152645082, "coef": 0.9988140216718926}