{"intercept": 0.07811837970122326, "coef": 0.9986236443997035}