{"intercept": 0.36866666907775425, "coef": 0.9987363065628795}