{"intercept": 0.03661183667226453, "coef": 0.999682048225633}