{"intercept": -0.001175747208904454, "coef": 1.0008891851424842}