{"intercept": 0.045146216610362444, "coef": 0.999198720634882}