{"intercept": 0.12611687868761123, "coef": 0.9998178308923251}