{"intercept": 0.03655250313994429, "coef": 1.0001583328988064}