{"intercept": 0.1637822737098844, "coef": 0.998244014008549}