{"intercept": 0.125507164964489, "coef": 0.9982841965989246}