{"ticker": "AAPL", "intercept": 0.000374497054309586, "coef": 1.00085581675}