{"ticker": "AMD", "intercept": 0.04752189489093439, "coef": 0.9987644846586312}