{"ticker": "AMZN", "intercept": 0.07770646687595217, "coef": 0.9986325404789749}