{"ticker": "CSCO", "intercept": 0.04568579734432632, "coef": 0.9991784028471091}