{"ticker": "META", "intercept": 0.1280771148978772, "coef": 0.9997971035558554}