{"ticker": "MSFT", "intercept": 0.03619722008082249, "coef": 1.000160125102253}