{"ticker": "NFLX", "intercept": 0.36893690423761427, "coef": 0.998726653179391}