{"ticker": "QCOM", "intercept": 0.16348658795759263, "coef": 0.9982382621113549}