{"ticker": "SBUX", "intercept": 0.036695810258351, "coef": 0.9996802438858156}