{"ticker": "TSLA", "intercept": 0.12625785180269133, "coef": 0.9982543268165226}